OBJECTID,ACCIDENTNUM,ACCIDENTDATE,ACCIDENT_YEAR,ACCIDENT_MONTH,ACCIDENT_DAY,ACCIDENT_HOUR,ACCIDENT_MINUTE,ACCIDENT_SECOND,ACCIDENT_WEEKDAY,XCOORD,YCOORD,LONGITUDE,LATITUDE,ACCIDENTLOCATION,COLLISIONTYPE,CLASSIFICATIONOFACCIDENT,IMPACTLOCATION,INITIALDIRECTIONOFTRAVELONE,INITIALDIRECTIONOFTRAVELTWO,INITIALIMPACTTYPE,INTTRAFFICCONTROL,LIGHT,LIGHTFORREPORT,ROADJURISDICTION,TRAFFICCONTROL,TRAFFICCONTROLCONDITION,THRULANENO,NORTHBOUNDDISOBEYCOUNT,SOUTHBOUNDDISOBEYCOUNT,PEDESTRIANINVOLVED,CYCLISTINVOLVED,MOTORCYCLISTINVOLVED,ENVIRONMENTCONDITION1,ENVIRONMENTCONDITION2,SELFREPORTED,XMLIMPORTNOTES,LASTEDITEDDATE,CREATE_BY,CREATE_DATE
52038,22071582,1648814400000,2022,4,1,12,0,0,Friday,545125.93126,4812050.99086,-80.442189,43.460015999999996,Intersection related,2,P.D. only,Thru lane,unknown,unknown,Sideswipe,Unknown,Daylight,01 - Daylight,Municipal (excl. Twp. Rd.),unknown,unknown,0,0,0,False,False,False,Clear,,True,Road 1: LORRAINE AVE; Road 2: CONFEDERATION DR; Vehicle #1     Make: PONT     Model: G5     Colour: GRY     Style: 4D; Vehicle #2     Make: HOND     Model: CTU     Colour: BLU     Style: 4D,12/22/2022 9:29:23 AM,,
52041,22071998,1648848000000,2022,4,1,21,20,0,Friday,541142.31719,4806766.10955,-80.491828,43.412659999999995,At intersection,2,P.D. only,Within intersection,unknown,unknown,Turning movement,Unknown,Dark,07 - Dark,Municipal (excl. Twp. Rd.),Stop sign,Functioning,0,0,0,False,False,False,Clear,,True,Road 1: LAURENTIAN DR; Road 2: BLOCK LINE RD; Vehicle #1     Make: HOND     Model: UCL     Colour: BLU     Style: 4D; Vehicle #2     Make: HOND     Model: UAX     Colour: BLK     Style: 4D,12/22/2022 9:29:24 AM,,
52042,22072824,1648931280000,2022,4,2,20,28,0,Saturday,541627.10783,4812053.96728,-80.48543699999999,43.460245,Non intersection,2,P.D. only,Thru lane,unknown,unknown,SMV unattended vehicle,Unknown,Dark,07 - Dark,Municipal (excl. Twp. Rd.),No control,unknown,1,0,0,False,False,False,Clear,,False,Road 1: 372  WELLINGTON ST N (50 km/h); Road 2: WELLINGTON ST N; Distance: 3.0 M E; Charged Driver #1 on page 1: HTA 130 (NA) (NA); Vehicle #1     Make: DODG     Model: CXT     Colour: BLK     Style: 4D; Vehicle #2     Make: TOYT     Model: MTL     Colour,12/22/2022 9:36:33 AM,,
52045,22074224,1649087100000,2022,4,4,15,45,0,Monday,539888.93404,4810656.64754,-80.507025,43.447759,Non intersection,2,P.D. only,Thru lane,unknown,unknown,Angle,Unknown,Daylight,01 - Daylight,Municipal (excl. Twp. Rd.),No control,unknown,0,0,0,False,False,False,Clear,,True,Road 1: CHERRY ST; Road 2: STRANGE ST; Vehicle #1     Make: NISS     Model: ATS     Colour: BLK     Style: 4D; Vehicle #2     Make: CHRY     Model: 20C     Colour: BLK     Style: 4D,12/22/2022 9:29:38 AM,,
52047,22076652,1649340600000,2022,4,7,14,10,0,Thursday,544607.02331,4811710.65106,-80.44863099999999,43.456983,Non intersection,2,Non-reportable,Thru lane,unknown,unknown,Rear end,Unknown,Daylight,01 - Daylight,Regional municipality,No control,unknown,0,0,0,False,False,False,Clear,,True,Road 1: RIVER RD E; Road 2: LORRAINE AVE; Vehicle #1     Make: CHRY     Model: 2LX     Colour: WHI     Style: 4D; Vehicle #2     Make: NISS     Model: ROG     Colour: RED     Style: TY,12/22/2022 9:33:01 AM,,
52048,22076683,1649349360000,2022,4,7,16,36,0,Thursday,543238.09847,4809090.21058,-80.46575899999999,43.433468,Intersection related,2,P.D. only,Right shoulder,unknown,unknown,SMV other,Unknown,Daylight,01 - Daylight,Regional municipality,unknown,Functioning,0,0,0,False,False,False,Clear,,False,Road 1: DOON RD (50 km/h); Road 2: CARWOOD AVE (50 km/h); Charged Driver #1 on page 1: HTA 130 (NA) (NA); Vehicle #1     Make: HYUN     Model: SAN     Colour: BLK     Style: TY,1/3/2023 10:16:40 AM,,
52049,220772339,1648890000000,2022,4,2,9,0,0,Saturday,539618.61138,4811375.13419,-80.510313,43.454242,At intersection,2,P.D. only,Within intersection,unknown,unknown,Turning movement,Unknown,Daylight,01 - Daylight,Regional municipality,Traffic signal,Functioning,0,0,0,False,False,False,Clear,,True,Road 1: GLASGOW ST; Road 2: PARK ST; Vehicle #1     Make: VOLK     Model: JSA     Colour: BLK     Style: 4D; Vehicle #2     Make: NISS     Model: MIC     Colour: GRN     Style: 4B,12/22/2022 9:29:33 AM,,
52050,22077535,1649438460000,2022,4,8,17,21,0,Friday,546613.85975,4811335.6873,-80.423859,43.453483999999996,Non intersection,2,P.D. only,Not on roadway - right side,unknown,unknown,SMV other,Unknown,Daylight,01 - Daylight,Municipal (excl. Twp. Rd.),No control,unknown,0,0,0,False,False,False,Clear,,False,Road 1: 24 BRYAN CRT (50 km/h); Road 2: BRYAN CRT; Distance: 1.0 M N; Vehicle #1     Make: HYUN     Model: TUC     Colour: GRY     Style: TY,1/3/2023 10:13:08 AM,,
52053,22078949,1649599140000,2022,4,10,13,59,0,Sunday,546804.57322,4801879.25066,-80.422311,43.368327,Non intersection,2,P.D. only,Not on roadway - right side,unknown,unknown,SMV other,Unknown,Daylight,01 - Daylight,Municipal (excl. Twp. Rd.),No control,unknown,0,0,0,False,False,False,Clear,,False,Road 1: REICHERT DR (60 km/h); Road 2: DUNDEE RD; Distance: 500.0 M S; Vehicle #1     Make: HOND     Model: CRV     Colour: BRN     Style: TY,1/3/2023 10:13:40 AM,,
52054,22079327,1649639700000,2022,4,11,1,15,0,Monday,544404.49551,4802884.32342,-80.451852,43.377522,Non intersection,2,P.D. only,Not on roadway - right side,unknown,unknown,SMV other,Unknown,Dark,07 - Dark,Municipal (excl. Twp. Rd.),No control,unknown,0,0,0,False,False,False,Clear,,False,Road 1: CARYNDALE DR (50 km/h); Road 2: ROBERT FERRIE DR; Distance: 50.0 M S; Charged Driver #1 on page 1: HTA 32 (NA) (NA); Vehicle #1     Make: HOND     Model: ACC     Colour: BLK     Style: 4D,1/3/2023 10:14:04 AM,,
52055,22079494,1649666700000,2022,4,11,8,45,0,Monday,538002.4306,4807661.87298,-80.530547,43.420891,Non intersection,2,Non-reportable,Thru lane,unknown,unknown,Sideswipe,Unknown,Daylight,01 - Daylight,Municipal (excl. Twp. Rd.),No control,unknown,0,0,0,False,False,False,Clear,,True,Road 1: AUTUMN HILL CRESCENT (ST MARKS SCHOOL); Vehicle #1     Make: HOND     Model: UDY     Colour: SIL     Style: VN; Vehicle #2     Make: LEXS     Model: NXT     Colour: GRY     Style: TY,1/3/2023 10:13:43 AM,,
52056,22079923,1649707200000,2022,4,11,20,0,0,Monday,545095.66498,4807778.98843,-80.442916,43.421552999999996,Non intersection,2,P.D. only,Thru lane,unknown,unknown,Angle,Unknown,Dark,07 - Dark,Regional municipality,No control,unknown,0,0,0,False,False,False,Clear,,True,Road 1: WILSON AVE; Road 2: FAIRWAY RD S; Vehicle #1     Make: KIA     Model: FEX     Colour: WHI     Style: 4D; Vehicle #2     Make: RAM     Model: RTR     Colour: SIL     Style: PK,1/3/2023 10:13:12 AM,,
52058,22081037,1649833560000,2022,4,13,7,6,0,Wednesday,542510.66618,4804200.55721,-80.475127,43.389483,Non intersection,1,Non-fatal injury,Not on roadway - left side,unknown,unknown,SMV unattended vehicle,Unknown,Daylight,01 - Daylight,Municipal (excl. Twp. Rd.),No control,unknown,0,0,0,False,False,False,Clear,,False,Road 1: 103 PARKVALE DR (50 km/h); Road 2: PARKVALE DR; Distance: 6.0 M W; Charged Driver #1 on page 1: HTA 130 (NA) (NA); Vehicle #1     Make: VOLK     Model: TIG     Colour: BLK     Style: TY; Vehicle #2     Make: HOND     Model: UCL     Colour: BLK    ,1/3/2023 10:11:08 AM,,
52060,22082230,1649945640000,2022,4,14,14,14,0,Thursday,545421.95078,4808329.61648,-80.43884,43.426491,At/near private drive,1,Non-fatal injury,Thru lane,unknown,unknown,Angle,Unknown,Daylight,01 - Daylight,Municipal (excl. Twp. Rd.),No control,unknown,2,0,0,False,False,False,Clear,,False,Road 1: KINGSWAY DR (50 km/h); Road 2: CEDARWOODS CRES; Distance: 15.0 M S; Charged Driver #1 on page 1: HTA 142 (NA) (NA); Vehicle #1     Make: HOND     Model: UAX     Colour: RED     Style: 4D; Vehicle #2     Make: TOYT     Model: XLL     Colour: BRN   ,12/22/2022 9:36:52 AM,,
52061,22082557,1649974860000,2022,4,14,22,21,0,Thursday,542427.88988,4807276.43177,-80.47591,43.417183,Non intersection,2,P.D. only,Thru lane,unknown,unknown,SMV other,Unknown,"Dark, artificial","08 - Dark, artificial",Municipal (excl. Twp. Rd.),No control,unknown,1,0,0,True,False,False,Clear,,False,Road 1: BLOCK LINE RD (50 km/h); Road 2: COUNTRY HILL DR; Distance: 20.0 M W; Vehicle #1     Make: HOND     Model: ULX     Colour: RED     Style: 4D,12/22/2022 9:30:10 AM,,
52062,22085029,1650247200000,2022,4,18,2,0,0,Monday,539336.74178,4809821.41391,-80.513909,43.440267,Non intersection,2,P.D. only,Thru lane,unknown,unknown,SMV unattended vehicle,Unknown,"Dark, artificial","08 - Dark, artificial",Municipal (excl. Twp. Rd.),No control,unknown,1,0,0,False,False,False,Clear,,False,Road 1: PAULANDER DR (50 km/h); Road 2: LAWRENCE AVE; Distance: 90.0 M W; Charged Driver #1 on page 1: HTA 130 (NA) (NA); Vehicle #1     Make: TOYT     Model: MTL     Colour: BRN     Style: 4D; Vehicle #2     Make: RAM     Model: RTR     Colour: GRY     S,1/3/2023 10:14:28 AM,,
52070,22087146,1650474720000,2022,4,20,17,12,0,Wednesday,545867.29354,4804748.42745,-80.433639,43.394219,Non intersection,2,P.D. only,Right shoulder,unknown,unknown,SMV other,Unknown,Daylight,01 - Daylight,Municipal (excl. Twp. Rd.),No control,unknown,0,0,0,False,False,False,Clear,,False,Road 1: 120 PIONEER DR (50 km/h); Road 2: PIONEER DR; Distance: 1.0 M N; Charged Driver #1 on page 1: HTA 33 (NA) (NA); Vehicle #1     Make: HOND     Model: UAX     Colour: BLU     Style: 4D,1/3/2023 10:14:45 AM,,
52072,22088023,1650561780000,2022,4,21,17,23,0,Thursday,545123.56799,4807657.24281,-80.442582,43.420455,At/near private drive,1,Non-fatal injury,Thru lane,unknown,unknown,Angle,Unknown,Daylight,01 - Daylight,Regional municipality,No control,unknown,1,0,0,False,False,False,Clear,,False,Road 1: 385 WILSON AVE (50 km/h); Road 2: FAIRWAY RD S; Distance: 50.0 M S; Charged Driver #1 on page 1: HTA 142 (NA) (NA); Vehicle #1     Make: HYUN     Model: EXL     Colour: ONG     Style: 4D; Vehicle #2     Make: HOND     Model: PIL     Colour: BLK   ,1/3/2023 10:23:02 AM,,
52073,22088256,1650585420000,2022,4,21,23,57,0,Thursday,539461.86123,4810230.45005,-80.512333,43.443943999999995,At intersection,1,Non-fatal injury,Within intersection,unknown,unknown,SMV other,Unknown,Dark,07 - Dark,Municipal (excl. Twp. Rd.),unknown,unknown,0,0,0,True,False,False,Clear,,False,Road 1: TALBOT ST (50 km/h); Road 2: BELMONT AVE W (50 km/h); Charged Driver #1 on page 1: HTA 162 (NA) (NA); Vehicle #1     Make:      Model:      Colour:      Style:,1/3/2023 10:18:15 AM,,
52076,22089915,1650748620000,2022,4,23,21,17,0,Saturday,547133.82185,4808432.82937,-80.417683,43.427313999999996,Non intersection,2,P.D. only,Thru lane,unknown,unknown,SMV unattended vehicle,Unknown,Dark,07 - Dark,Municipal (excl. Twp. Rd.),No control,unknown,1,0,0,False,False,False,Clear,,False,Road 1: 46 GRAND RIVER BLVD (40 km/h); Road 2: GRAND RIVER BLVD; Distance: 10.0 M E; Vehicle #1     Make: FORD     Model: TEL     Colour: BLK     Style: 4D; Vehicle #2     Make: MAZD     Model: X3T     Colour: BLU     Style: 4W,12/22/2022 9:32:26 AM,,
52077,22090417,1650808800000,2022,4,24,14,0,0,Sunday,540284.34057,4806513.48771,-80.502444,43.410432,At/near private drive,2,P.D. only,Thru lane,unknown,unknown,Other,Unknown,Daylight,01 - Daylight,Municipal (excl. Twp. Rd.),No control,unknown,0,0,0,False,False,False,Clear,,True,Road 1: 275 HIGHBROOK CRESCENT; Vehicle #1     Make: HOND     Model: AST     Colour: BLK     Style: 4D; Vehicle #2     Make: NISS     Model: KIC     Colour: RED     Style: 4B,12/22/2022 9:30:30 AM,,
52079,22091358,1650902160000,2022,4,25,15,56,0,Monday,545433.45745,4808343.62747,-80.43869699999999,43.426615999999996,Intersection related,2,P.D. only,Within intersection,unknown,unknown,SMV other,Unknown,Daylight,01 - Daylight,Municipal (excl. Twp. Rd.),Stop sign,Functioning,0,0,0,True,False,False,Clear,,False,Road 1: CEDARWOODS CRES (50 km/h); Road 2: KINGSWAY DR (50 km/h); Distance: 5.0 M S; Vehicle #1     Make:      Model:      Colour:      Style:,12/22/2022 9:27:57 AM,,
52080,22091593,1650921600000,2022,4,25,21,20,0,Monday,540922.65733,4811298.77584,-80.49420099999999,43.453485,Non intersection,2,Non-reportable,Thru lane,unknown,unknown,SMV unattended vehicle,Unknown,Dark,07 - Dark,Municipal (excl. Twp. Rd.),No control,unknown,0,0,0,False,False,False,Rain,,True,Road 1: 55 FRANCIS ST N (IFO); Vehicle #1     Make: CHEV     Model: CXM     Colour: WHI     Style: 4D; Vehicle #2     Make:      Model:      Colour:      Style:,12/22/2022 9:30:54 AM,,
52081,22092585,1651029420000,2022,4,27,3,17,0,Wednesday,539930.9633,4805473.58805,-80.506884,43.401088,Non intersection,2,P.D. only,Left shoulder,unknown,unknown,SMV unattended vehicle,Unknown,"Dark, artificial","08 - Dark, artificial",Municipal (excl. Twp. Rd.),No control,unknown,0,0,0,False,False,False,Clear,,False,Road 1: 1018 COPPER LEAF CRES (40 km/h); Road 2: COPPER LEAF CRES; Distance: 10.0 M E; Charged Driver #1 on page 1: CCC 335 (NA) (NA); Vehicle #1     Make: ACUR     Model: MDX     Colour: BLK     Style: 4W; Vehicle #2     Make: HYUN     Model: TUC     Col,12/22/2022 9:36:26 AM,,
52082,22092609,1651039200000,2022,4,27,6,0,0,Wednesday,542611.5624,4805881.40832,-80.47375,43.404612,Intersection related,2,P.D. only,Thru lane,unknown,unknown,Angle,Unknown,Dawn,03 - Dawn,Municipal (excl. Twp. Rd.),Stop sign,Functioning,0,0,0,False,False,False,Clear,,True,Road 1: STRASBURG RD; Road 2: MCINTYRE DR; Vehicle #1     Make: MAZD     Model: MA5     Colour: GRY     Style: 4B; Vehicle #2     Make: FRHT     Model: FM2     Colour: WHI     Style: CT,12/22/2022 9:30:52 AM,,
52083,22092703,1648900800000,2022,4,2,12,0,0,Saturday,541797.78991,4810621.3466,-80.483437,43.447337,At intersection,2,Non-reportable,Thru lane,unknown,unknown,Rear end,Unknown,Daylight,01 - Daylight,Regional municipality,Traffic signal,Functioning,0,0,0,False,False,False,Clear,,True,Road 1: KING ST E; Road 2: CEDAR ST N; Vehicle #1     Make: DODG     Model: CJO     Colour: CRM     Style: TY; Vehicle #2     Make: CHEV     Model: BEG     Colour: RED     Style: 4D,12/22/2022 9:29:36 AM,,
52084,22092729,1650464100000,2022,4,20,14,15,0,Wednesday,538829.21805,4809016.25414,-80.52023799999999,43.433043999999995,At/near private drive,2,P.D. only,Thru lane,unknown,unknown,SMV unattended vehicle,Unknown,Daylight,01 - Daylight,Municipal (excl. Twp. Rd.),No control,unknown,0,0,0,False,False,False,Clear,,True,Road 1: 100 RALGREEN CRESCENT (IFO); Vehicle #1     Make:      Model:      Colour:      Style: ; Vehicle #2     Make: TOYT     Model: CBA     Colour: BLK     Style: 4D,12/22/2022 9:30:12 AM,,
52085,22092939,1649948400000,2022,4,14,15,0,0,Thursday,543768.69776,4807806.04986,-80.459306,43.421875,Non intersection,2,Non-reportable,Thru lane,unknown,unknown,SMV unattended vehicle,Unknown,Daylight,01 - Daylight,Regional municipality,No control,unknown,0,0,0,False,False,False,Clear,,True,Road 1: SHELLEY DR; Road 2: COURTLAND AVE E; Vehicle #1     Make:      Model:      Colour:      Style: ; Vehicle #2     Make: HYUN     Model: ESM     Colour: GRY     Style: 4D,12/22/2022 9:30:01 AM,,
52086,22093580,1650575700000,2022,4,21,21,15,0,Thursday,541152.02458,4806229.5261,-80.491749,43.407827999999995,At/near private drive,2,Non-reportable,Off highway,unknown,unknown,Other,Unknown,Dark,07 - Dark,Municipal (excl. Twp. Rd.),No control,unknown,0,0,0,False,False,False,Clear,,True,Road 1: RITTENHOUSE RD; Road 2: JULIA CRESCENT; Vehicle #1     Make: HOND     Model: UCL     Colour: WHI     Style: 4D; Vehicle #2     Make:      Model:      Colour:      Style:,12/22/2022 9:30:32 AM,,
52087,22093608,1651142700000,2022,4,28,10,45,0,Thursday,544441.57815,4806323.42907,-80.451115,43.408485999999996,Non intersection,2,P.D. only,Thru lane,unknown,unknown,Turning movement,Unknown,Daylight,01 - Daylight,Municipal (excl. Twp. Rd.),No control,unknown,0,0,0,False,False,False,Clear,,True,Road 1: 147 OTONABEE DR; Vehicle #1     Make: CHEV     Model: SIL     Colour: RED     Style: PK; Vehicle #2     Make: FORD     Model: TST     Colour: WHI     Style: FV,1/3/2023 10:10:19 AM,,
52088,22093792,1651153080000,2022,4,28,13,38,0,Thursday,541754.26332,4811621.83579,-80.483899,43.456347,At/near private drive,2,P.D. only,Not on roadway - left side,unknown,unknown,SMV other,Unknown,Daylight,01 - Daylight,Municipal (excl. Twp. Rd.),No control,unknown,0,0,0,False,False,False,Clear,,False,Road 1: QUEEN ST N (50 km/h); Road 2: ST LEGER ST; Distance: 2.0 M S; Charged Driver #1 on page 1: HTA 130 (NA) (NA); Vehicle #1     Make: FORD     Model: COF     Colour: BLK     Style: PK,12/22/2022 9:36:05 AM,,
52089,22094557,1650875400000,2022,4,25,8,30,0,Monday,538612.21799,4809803.06411,-80.522863,43.44014,Non intersection,2,P.D. only,Thru lane,unknown,unknown,SMV unattended vehicle,Unknown,Daylight,01 - Daylight,Municipal (excl. Twp. Rd.),No control,unknown,0,0,0,False,False,False,Clear,,True,Road 1: 67 MOOREGATE CRESCENT (IFO); Vehicle #1     Make: FORD     Model: FE     Colour: BLK     Style: 4D; Vehicle #2     Make: HYUN     Model: EGM     Colour: BLK     Style: 4D,12/22/2022 9:30:31 AM,,
52090,22094584,1650469500000,2022,4,20,15,45,0,Wednesday,539316.31109,4810616.5193,-80.514104,43.447427999999995,At intersection,2,P.D. only,Within intersection,unknown,unknown,Rear end,Unknown,Daylight,01 - Daylight,Municipal (excl. Twp. Rd.),Traffic signal,Functioning,0,0,0,False,False,False,Clear,,True,Road 1: BELMONT AVE W; Road 2: GAGE AVE; Vehicle #1     Make: TOYT     Model: HIG     Colour: BLK     Style: TY; Vehicle #2     Make: FORD     Model: FSH     Colour: GRY     Style: 4D,12/22/2022 9:30:13 AM,,
52091,22094916,1651254360000,2022,4,29,17,46,0,Friday,543605.74258,4812170.45622,-80.46097,43.461182,Intersection related,1,Non-fatal injury,Within intersection,unknown,unknown,Angle,Unknown,Daylight,01 - Daylight,Municipal (excl. Twp. Rd.),Stop sign,unknown,0,0,0,False,False,False,Clear,,False,Road 1: RIVER RD E (50 km/h); Road 2: ROSEMOUNT DR (50 km/h); Distance: 1.0 M S; Charged Driver #1 on page 1: HTA 130 (NA) (NA); Vehicle #1     Make: CHRY     Model: S30     Colour: RED     Style: 4D; Vehicle #2     Make: FORD     Model: FSE     Colour: G,12/22/2022 9:36:29 AM,,
52092,22095272,1651285980000,2022,4,30,2,33,0,Saturday,541176.35846,4808251.5725,-80.49129599999999,43.426033,Intersection related,1,Non-fatal injury,Not on roadway - right side,unknown,unknown,SMV other,Unknown,Dark,07 - Dark,Municipal (excl. Twp. Rd.),unknown,unknown,0,0,0,False,False,False,Clear,,False,Road 1: CHANDLER DR (50 km/h); Road 2: STRASBURG RD (50 km/h); Distance:  M N; Charged Driver #1 on page 1: CCC 320 (NA) (NA); Vehicle #1     Make: TOYT     Model: SIE     Colour: GRY     Style: VN,12/22/2022 9:36:22 AM,,
52093,22095481,1651314720000,2022,4,30,10,32,0,Saturday,543440.9036,4807182.63439,-80.463405,43.416281,At/near private drive,1,Non-fatal injury,Thru lane,unknown,unknown,Other,Unknown,Daylight,01 - Daylight,Regional municipality,No control,unknown,1,0,0,False,False,False,Clear,,False,Road 1: 35 BRISBANE DR (50 km/h); Road 2: BRISBANE DR; Distance: 7.0 M N; Charged Driver #1 on page 1: HTA 139 (NA) (NA); Vehicle #1     Make: TOYT     Model: CBS     Colour: RED     Style: 4D; Vehicle #2     Make: TOYT     Model: UCS     Colour: BLK     ,12/22/2022 9:36:48 AM,,
52094,22095546,1650751200000,2022,4,23,22,0,0,Saturday,538625.09879,4809569.94527,-80.52272099999999,43.43804,At/near private drive,2,Non-reportable,Right shoulder,unknown,unknown,SMV unattended vehicle,Unknown,Dark,07 - Dark,Regional municipality,No control,unknown,0,0,0,False,False,False,Clear,,True,Road 1: 83 VICMOUNT DR; Vehicle #1     Make:      Model:      Colour:      Style: ; Vehicle #2     Make: HOND     Model: UCL     Colour: BLU     Style: 4D,12/22/2022 9:30:33 AM,,
52095,22096274,1651376700000,2022,5,1,3,45,0,Sunday,547564.81695,4811385.46813,-80.41210099999999,43.453873,Intersection related,2,P.D. only,Not on roadway - right side,unknown,unknown,SMV other,Unknown,"Dark, artificial","08 - Dark, artificial",Regional municipality,Stop sign,Functioning,0,0,0,False,False,False,Clear,,False,Road 1: OLD ZELLER DR (50 km/h); Road 2: ZELLER DRIVE; Distance: 20.0 M W; Vehicle #1     Make:      Model:      Colour:      Style:,12/22/2022 9:32:25 AM,,
52098,22096707,1651427160000,2022,5,1,17,46,0,Sunday,541926.03765,4812236.20144,-80.48172799999999,43.46187,Non intersection,1,Non-fatal injury,Thru lane,unknown,unknown,SMV other,Unknown,Daylight,01 - Daylight,Municipal (excl. Twp. Rd.),No control,unknown,2,0,0,False,False,True,Clear,,False,Road 1: 485 WELLINGTON ST N (50 km/h); Road 2: WELLINGTON ST N; Distance: 10.0 M W; Vehicle #1     Make: TRUM     Model: RCT     Colour: BLK     Style: MS,12/22/2022 9:33:22 AM,,
52099,22096843,1651512600000,2022,5,2,17,30,0,Monday,543737.57705,4808310.59017,-80.45965,43.42642,Non intersection,2,Non-reportable,Thru lane,unknown,unknown,SMV unattended vehicle,Unknown,Daylight,01 - Daylight,Municipal (excl. Twp. Rd.),No control,unknown,0,0,0,False,False,False,Clear,,True,Road 1: SHELLEY DR; Vehicle #1     Make:      Model:      Colour:      Style: ; Vehicle #2     Make: TOYT     Model: CBL     Colour: RED     Style: 4D,12/22/2022 9:34:16 AM,,
52100,22097146,1651488900000,2022,5,2,10,55,0,Monday,542313.93572,4810287.50421,-80.47708399999999,43.444302,At intersection,1,Non-fatal injury,Within intersection,unknown,unknown,Turning movement,Unknown,Daylight,01 - Daylight,Municipal (excl. Twp. Rd.),Traffic signal,Functioning,0,0,0,False,True,False,Clear,,False,Road 1: STIRLING AVE N (50 km/h); Road 2: KING ST E (50 km/h); Charged Driver #1 on page 1: HTA 142 (NA) (NA); Vehicle #1     Make: BICY     Model: BICY     Colour: BLK     Style: BK; Vehicle #2     Make: CHEV     Model: SIL     Colour: BLK     Style: PK,12/22/2022 9:36:19 AM,,
52101,22097229,1651343400000,2022,4,30,18,30,0,Saturday,547235.01066,4808458.50486,-80.416431,43.427538999999996,Non intersection,2,P.D. only,Right shoulder,unknown,unknown,SMV unattended vehicle,Unknown,Daylight,01 - Daylight,Municipal (excl. Twp. Rd.),No control,unknown,0,0,0,False,False,False,Clear,,True,Road 1: 74 GRAND RIVER BLVD; Vehicle #1     Make: FORD     Model: FLE     Colour: BLU     Style: TY; Vehicle #2     Make: HYUN     Model: ETG     Colour: GRY     Style: 4B,1/3/2023 10:10:56 AM,,
52102,22097240,1650720600000,2022,4,23,13,30,0,Saturday,544844.55633,4804946.77925,-80.44625099999999,43.396066,At/near private drive,2,Non-reportable,Thru lane,unknown,unknown,SMV unattended vehicle,Unknown,Daylight,01 - Daylight,Municipal (excl. Twp. Rd.),No control,unknown,0,0,0,False,False,False,Clear,,True,Road 1: 648 DOON VILLAGE RD (IFO UNIT 14); Road 2: 648 DOON VILLAGE RD; Vehicle #1     Make:      Model:      Colour:      Style: ; Vehicle #2     Make: KIA     Model: SLE     Colour: BGE     Style: 4D,1/3/2023 10:23:10 AM,,