OBJECTID,ACCIDENTNUM,ACCIDENTDATE,ACCIDENT_YEAR,ACCIDENT_MONTH,ACCIDENT_DAY,ACCIDENT_HOUR,ACCIDENT_MINUTE,ACCIDENT_SECOND,ACCIDENT_WEEKDAY,XCOORD,YCOORD,LONGITUDE,LATITUDE,ACCIDENTLOCATION,COLLISIONTYPE,CLASSIFICATIONOFACCIDENT,IMPACTLOCATION,INITIALDIRECTIONOFTRAVELONE,INITIALDIRECTIONOFTRAVELTWO,INITIALIMPACTTYPE,INTTRAFFICCONTROL,LIGHT,LIGHTFORREPORT,ROADJURISDICTION,TRAFFICCONTROL,TRAFFICCONTROLCONDITION,THRULANENO,NORTHBOUNDDISOBEYCOUNT,SOUTHBOUNDDISOBEYCOUNT,PEDESTRIANINVOLVED,CYCLISTINVOLVED,MOTORCYCLISTINVOLVED,ENVIRONMENTCONDITION1,ENVIRONMENTCONDITION2,SELFREPORTED,XMLIMPORTNOTES,LASTEDITEDDATE,CREATE_BY,CREATE_DATE
52201,22142083,1652169000000,2022,5,10,7,50,0,Tuesday,543187.7496,4804578.69515,-80.46673799999999,43.392849,Non intersection,2,P.D. only,Thru lane,unknown,unknown,Rear end,Unknown,Daylight,01 - Daylight,Regional municipality,No control,unknown,0,0,0,False,False,False,Clear,,True,Road 1: STRASBURG RD; Road 2: HURON RD; Vehicle #1     Make: TOYT     Model: MTL     Colour: BLU     Style: 4D; Vehicle #2     Make: BMW     Model: BX5     Colour: GRY     Style: TY,12/22/2022 9:31:44 AM,,
52205,22142329,1655738520000,2022,6,20,15,22,0,Monday,544116.7525,4811896.0181,-80.45467599999999,43.458681,At intersection,2,P.D. only,Within intersection,unknown,unknown,Angle,Unknown,Daylight,01 - Daylight,Municipal (excl. Twp. Rd.),unknown,Functioning,0,0,0,False,False,False,Clear,,False,Road 1: RIVER RD E (50 km/h); Road 2: MANCHESTER RD (40 km/h); Charged Driver #1 on page 1: HTA 130 (NA) (NA); Vehicle #1     Make: TOYT     Model: CMS     Colour: GRY     Style: 4B; Vehicle #2     Make: TOYT     Model: SIE     Colour: GRY     Style: VN,1/3/2023 10:18:35 AM,,
52206,22142853,1655798400000,2022,6,21,8,0,0,Tuesday,544808.00164,4805139.48772,-80.446686,43.397804,Non intersection,2,P.D. only,Thru lane,unknown,unknown,Rear end,Unknown,Daylight,01 - Daylight,Municipal (excl. Twp. Rd.),No control,unknown,1,0,0,False,False,False,Clear,,False,Road 1: DOON VILLAGE RD (50 km/h); Road 2: MILLWOOD CRES; Distance: 15.0 M S; Charged Driver #1 on page 1: HTA 130 (NA) (NA); Vehicle #1     Make: MITS     Model: MES     Colour: GRY     Style: 4B; Vehicle #2     Make: ACUR     Model: ATL     Colour: GRY ,1/3/2023 10:11:16 AM,,
52211,22144237,1655902020000,2022,6,22,12,47,0,Wednesday,544744.46671,4809751.28671,-80.447093,43.439332,At/near private drive,2,P.D. only,Not on roadway - left side,unknown,unknown,SMV other,Unknown,Daylight,01 - Daylight,Municipal (excl. Twp. Rd.),No control,unknown,0,0,0,False,False,False,Clear,,False,Road 1: 146 TRAFALGAR AVE (50 km/h); Road 2: TRAFALGAR AVE; Distance: 5.0 M S; Vehicle #1     Make: INTL     Model: PRO     Colour: YEL     Style: CT,1/3/2023 10:20:52 AM,,
52212,22144256,1653830400000,2022,5,29,13,20,0,Sunday,543156.37433,4804637.23787,-80.46712,43.393378,Non intersection,2,P.D. only,Thru lane,unknown,unknown,Sideswipe,Unknown,Daylight,01 - Daylight,Regional municipality,No control,unknown,0,0,0,False,False,False,Clear,,True,Road 1: 1800 STRASBURG RD; Road 2: HURON RD; Vehicle #1     Make: DODG     Model: CAR     Colour: BLK     Style: VN; Vehicle #2     Make: MAZD     Model: M3I     Colour: BLK     Style: 4B,12/22/2022 9:31:45 AM,,
52213,22144297,1652799000000,2022,5,17,14,50,0,Tuesday,542108.11249,4807131.2415,-80.479871,43.415894,At intersection,2,P.D. only,Thru lane,unknown,unknown,Turning movement,Unknown,Daylight,01 - Daylight,Municipal (excl. Twp. Rd.),Traffic signal,Functioning,0,0,0,False,False,False,Clear,,True,Road 1: BLOCK LINE RD; Road 2: STRASBURG RD; Vehicle #1     Make: HYUN     Model: AGG     Colour: BLU     Style: 4D; Vehicle #2     Make: HYUN     Model: ETO     Colour: RED     Style: SW,12/22/2022 9:28:38 AM,,
52214,22145085,1653668100000,2022,5,27,16,15,0,Friday,545274.78552,4806434.52791,-80.440815,43.409436,Intersection related,2,Non-reportable,Thru lane,unknown,unknown,SMV other,Stop sign,Daylight,01 - Daylight,Municipal (excl. Twp. Rd.),Stop sign,unknown,0,0,0,False,False,False,Clear,,True,Road 1: WILSON AVE; Road 2: WABANAKI DR; Vehicle #1     Make: DODG     Model: CAR     Colour: GRY     Style: VN,12/22/2022 9:36:20 AM,,
52215,22145199,1652614200000,2022,5,15,11,30,0,Sunday,545035.44253,4807869.19984,-80.443653,43.422368999999996,Intersection related,2,P.D. only,Within intersection,unknown,unknown,Angle,Unknown,Daylight,01 - Daylight,Regional municipality,Stop sign,Functioning,0,0,0,False,False,False,Clear,,True,Road 1: KINGSWAY DR; Road 2: WILSON AVE; Distance:  W; Vehicle #1     Make: CHEV     Model: EQU     Colour: GRY     Style: TY; Vehicle #2     Make: HOND     Model: AXL     Colour: BLU     Style: 4D,12/22/2022 9:28:22 AM,,
52216,22145310,1653092100000,2022,5,21,0,15,0,Saturday,542705.46176,4812690.06496,-80.47205799999999,43.465911999999996,Non intersection,2,P.D. only,Thru lane,unknown,unknown,Rear end,Unknown,Dark,07 - Dark,Municipal (excl. Twp. Rd.),No control,unknown,0,0,0,False,False,False,Rain,,True,Road 1: CONESTOGA PARKWAY; Road 2: WELLINGTON ST; Vehicle #1     Make: BMW     Model: X1P     Colour: BLU     Style: TY; Vehicle #2     Make:      Model:      Colour:      Style:,12/22/2022 9:34:01 AM,,
52217,22145337,1653145200000,2022,5,21,15,0,0,Saturday,542054.71987,4810141.79773,-80.480299,43.443003999999995,At/near private drive,2,P.D. only,Thru lane,unknown,unknown,Other,Unknown,Daylight,01 - Daylight,Municipal (excl. Twp. Rd.),No control,unknown,0,0,0,False,False,False,Clear,,True,Road 1: 100 STIRLING AVE S; Road 2: IFO; Vehicle #1     Make: TOYT     Model: RG4     Colour: WHI     Style: TY; Vehicle #2     Make: LINC     Model: MKX     Colour: GRY     Style: TY,12/22/2022 9:34:00 AM,,
52221,22145474,1655997900000,2022,6,23,15,25,0,Thursday,546026.07445,4810104.26869,-80.43122699999999,43.442433,Non intersection,2,P.D. only,Not on roadway - left side,unknown,unknown,SMV other,Unknown,Daylight,01 - Daylight,Regional municipality,No control,unknown,0,0,0,False,False,False,Clear,,False,Road 1: OLD CHICOPEE DR (60 km/h); Road 2: DAIMLER DR; Distance: 80.0 M S; Vehicle #1     Make: NISS     Model: ROG     Colour: GRY     Style: TY,1/3/2023 10:14:59 AM,,
52222,22146126,1656150600000,2022,6,25,9,50,0,Saturday,540357.12563,4810642.98035,-80.50124,43.44761,At/near private drive,2,Non-reportable,Thru lane,unknown,unknown,SMV unattended vehicle,Unknown,Daylight,01 - Daylight,Municipal (excl. Twp. Rd.),No control,unknown,0,0,0,False,False,False,Clear,,True,Road 1: 26 PARK ST (IFO); Vehicle #1     Make: HYUN     Model: SAN     Colour: RED     Style: TY; Vehicle #2     Make:      Model:      Colour:      Style:,12/22/2022 9:35:43 AM,,
52223,22146223,1656070200000,2022,6,24,11,30,0,Friday,543072.98525,4812801.50641,-80.467506,43.466893999999996,Intersection related,2,P.D. only,Thru lane,unknown,unknown,Rear end,Unknown,Daylight,01 - Daylight,Regional municipality,Traffic signal,Functioning,0,0,0,False,False,False,Clear,,True,Road 1: WELLINGTON ST N; Road 2: RIVERBEND DR; Vehicle #1     Make: HOND     Model: CVL     Colour: RED     Style: 2D; Vehicle #2     Make: FORD     Model: TST     Colour: WHI     Style: FV; Vehicle #3     Make: KIA     Model: NEG     Colour: GRY     Styl,12/22/2022 9:27:15 AM,,
52224,22146265,1652554800000,2022,5,14,19,0,0,Saturday,538697.06834,4807861.7376,-80.521952,43.422655999999996,Intersection related,2,P.D. only,Right shoulder,unknown,unknown,SMV unattended vehicle,Unknown,Daylight,01 - Daylight,Municipal (excl. Twp. Rd.),unknown,unknown,0,0,0,False,False,False,Clear,,True,Road 1: ELM RIDGE DR; Road 2: HICKORY HEIGHTS CRESCENT; Distance: 10.0 M S; Vehicle #1     Make: VOLK     Model: PTS     Colour: SIL     Style: 4D; Vehicle #2     Make: NISS     Model: ROG     Colour: GRN     Style: TY,12/22/2022 9:29:02 AM,,
52225,22146357,1656078600000,2022,6,24,13,50,0,Friday,540767.30709,4805549.2192,-80.496551,43.401724,Intersection related,2,P.D. only,Thru lane,unknown,unknown,Other,Unknown,Daylight,01 - Daylight,Municipal (excl. Twp. Rd.),unknown,Functioning,0,0,0,False,False,False,Clear,,True,Road 1: SUMMIT AVE; Road 2: FISCHER HALLMAN RD; Vehicle #1     Make: TOYT     Model: RV4     Colour: BLK     Style: TY; Vehicle #2     Make: DODG     Model: CAR     Colour: SIL     Style: VN,1/3/2023 10:17:24 AM,,
52226,22146374,1655373600000,2022,6,16,10,0,0,Thursday,543071.61692,4805499.30219,-80.468099,43.401145,Intersection related,2,Non-reportable,Thru lane,unknown,unknown,Turning movement,Unknown,Daylight,01 - Daylight,Municipal (excl. Twp. Rd.),Stop sign,Functioning,0,0,0,False,False,False,Clear,,True,Road 1: TRILLIUM DR; Road 2: STRASBURG RD; Vehicle #1     Make: CHEV     Model: GM4     Colour: GRY     Style: PK; Vehicle #2     Make: HOND     Model: ACCO     Colour: BLK     Style: 4DO,12/22/2022 9:31:00 AM,,
52227,22147368,1656171300000,2022,6,25,15,35,0,Saturday,539830.97693,4808445.70408,-80.507902,43.427853999999996,Intersection related,2,P.D. only,Within intersection,unknown,unknown,SMV other,Unknown,Daylight,01 - Daylight,Municipal (excl. Twp. Rd.),unknown,unknown,0,0,0,False,False,False,Clear,,False,Road 1: GREENBROOK DR (50 km/h); Road 2: GRAYSTONE AVE (50 km/h); Charged Driver #1 on page 1: HTA 12 (NA) (NA); Vehicle #1     Make:      Model:      Colour: WHI     Style:,1/3/2023 10:15:47 AM,,
52228,22148357,1656259560000,2022,6,26,16,6,0,Sunday,545712.49928,4807702.11843,-80.43530299999999,43.420823,Intersection related,2,P.D. only,Right shoulder,unknown,unknown,SMV other,Unknown,Daylight,01 - Daylight,Regional municipality,unknown,unknown,0,0,0,False,False,False,Clear,,False,Road 1: WABANAKI DR (50 km/h); Road 2: HIDDEN VALLEY RD; Distance: 2.0 M N; Vehicle #1     Make: VOLK     Model: GLF     Colour: SIL     Style: 4D,1/3/2023 10:15:24 AM,,
52229,22148419,1656264540000,2022,6,26,17,29,0,Sunday,539054.43188,4810123.55559,-80.517376,43.443003,At/near private drive,2,P.D. only,Right shoulder,unknown,unknown,SMV unattended vehicle,Unknown,Daylight,01 - Daylight,Municipal (excl. Twp. Rd.),No control,unknown,0,0,0,False,False,False,Clear,,False,Road 1: ALICE AVE (50 km/h); Road 2: 418 ALICE AVE; Distance: 5.0 M E; Charged Driver #1 on page 1: HTA 142 (NA) (NA); Vehicle #1     Make: CHEV     Model: SNT     Colour: SIL     Style: 4D; Vehicle #2     Make: TOYT     Model: AXP     Colour: RED     Sty,1/3/2023 10:22:14 AM,,
52230,22148880,1655454000000,2022,6,17,8,20,0,Friday,539616.27406,4811530.45736,-80.510331,43.455641,Non intersection,2,Non-reportable,Thru lane,unknown,unknown,Other,Unknown,Daylight,01 - Daylight,Municipal (excl. Twp. Rd.),No control,unknown,0,0,0,False,False,False,Clear,,True,Road 1: GREEN ST (JUST OUTSIDE KCI PARKING); Vehicle #1     Make: FORD     Model: EPR     Colour: GRY     Style: TY; Vehicle #2     Make: HYUN     Model: EGM     Colour: RED     Style: 4D,1/3/2023 10:10:27 AM,,
52231,22148882,1651860900000,2022,5,6,18,15,0,Friday,538441.48815,4806640.51538,-80.525196,43.411673,At/near private drive,2,P.D. only,Off highway,unknown,unknown,SMV unattended vehicle,Unknown,Daylight,01 - Daylight,Municipal (excl. Twp. Rd.),No control,unknown,0,0,0,False,False,False,Clear,,True,Road 1: 45 FOXGLOVE CRESCENT; Vehicle #1     Make:      Model:      Colour:      Style: ; Vehicle #2     Make: TOYT     Model: MTL     Colour: BRN     Style: 4D,12/22/2022 9:33:41 AM,,
52232,22148895,1655310600000,2022,6,15,16,30,0,Wednesday,545136.02985,4808170.43134,-80.442385,43.425075,At/near private drive,2,Non-reportable,Not on roadway - right side,unknown,unknown,SMV other,Unknown,Daylight,01 - Daylight,Municipal (excl. Twp. Rd.),No control,unknown,0,0,0,False,False,False,Clear,,True,Road 1: 595 GREENFIELD AVE; Vehicle #1     Make: DODG     Model: JOU     Colour: ONG     Style: TY,1/3/2023 10:20:20 AM,,
52233,22148910,1653651600000,2022,5,27,11,40,0,Friday,541180.1452,4809392.68669,-80.491163,43.436308,At intersection,2,Non-reportable,Thru lane,unknown,unknown,Rear end,Unknown,Daylight,01 - Daylight,Regional municipality,Traffic signal,Functioning,0,0,0,False,False,False,Clear,,True,Road 1: STIRLING AVE S; Road 2: HIGHLAND RD E; Vehicle #1     Make: TOYT     Model: CBA     Colour: WHI     Style: 4D; Vehicle #2     Make:      Model:      Colour:      Style:,12/22/2022 9:33:36 AM,,
52234,22148953,1653789600000,2022,5,29,2,0,0,Sunday,546758.60182,4803884.02724,-80.422707,43.386381,Non intersection,2,P.D. only,Right shoulder,unknown,unknown,SMV unattended vehicle,Unknown,Dark,07 - Dark,Municipal (excl. Twp. Rd.),No control,unknown,0,0,0,False,False,False,Clear,,True,Road 1: 19 WINDRUSH TRAIL; Vehicle #1     Make: HYUN     Model: TUC     Colour: GRY     Style: TY; Vehicle #2     Make: TOYT     Model: HIG     Colour: GRY     Style: TY,12/22/2022 9:33:37 AM,,
52235,22148995,1653301800000,2022,5,23,10,30,0,Monday,540041.91236,4811533.72748,-80.50507,43.455648,Non intersection,2,P.D. only,Thru lane,unknown,unknown,SMV unattended vehicle,Unknown,Daylight,01 - Daylight,Regional municipality,No control,unknown,0,0,0,False,False,False,Clear,,True,Road 1: SHANLEY ST; Road 2: ANDREW ST; Vehicle #1     Make:      Model:      Colour:      Style: ; Vehicle #2     Make: TOYT     Model: CSE     Colour: BLU     Style: 4D,12/22/2022 9:34:03 AM,,
52236,22149018,1653415800000,2022,5,24,18,10,0,Tuesday,547332.60042,4808483.70714,-80.415223,43.42776,Non intersection,2,P.D. only,Thru lane,unknown,unknown,Sideswipe,Unknown,Daylight,01 - Daylight,Regional municipality,No control,unknown,0,0,0,False,False,False,Clear,,True,Road 1: GRAND RIVER BLVD; Road 2: MORRISON RD; Vehicle #1     Make: CHRY     Model: PIF     Colour: BLK     Style: VN; Vehicle #2     Make: MAZD     Model: 3TR     Colour: GRY     Style: 4B; Vehicle #3     Make: AUDI     Model: A4A     Colour: GRY     Sty,12/22/2022 9:34:21 AM,,
52237,22149053,1652695200000,2022,5,16,10,0,0,Monday,544098.1846,4804980.2212,-80.45546399999999,43.396412,At/near private drive,2,Non-reportable,Other,unknown,unknown,SMV unattended vehicle,Unknown,Daylight,01 - Daylight,Municipal (excl. Twp. Rd.),No control,unknown,0,0,0,False,False,False,Clear,,True,Road 1: BIEHN DR (IFO 42A); Vehicle #1     Make:      Model:      Colour:      Style: ; Vehicle #2     Make: DODG     Model: DUR     Colour: RED     Style: TY,12/22/2022 9:34:35 AM,,
52238,22149145,1651963500000,2022,5,7,22,45,0,Saturday,538849.81341,4808928.93247,-80.51998999999999,43.432257,Non intersection,2,Non-reportable,Thru lane,unknown,unknown,SMV unattended vehicle,Unknown,Dark,07 - Dark,Municipal (excl. Twp. Rd.),No control,unknown,0,0,0,False,False,False,Clear,,True,Road 1: 211 OVERLEA DR; Vehicle #1     Make: TOYT     Model: CES     Colour: RED     Style: 2D; Vehicle #2     Make:      Model:      Colour:      Style:,12/22/2022 9:33:39 AM,,
52239,22149325,1656344700000,2022,6,27,15,45,0,Monday,543070.65766,4805498.81659,-80.468111,43.401140999999996,At intersection,2,P.D. only,Within intersection,unknown,unknown,Angle,Unknown,Daylight,01 - Daylight,Regional municipality,Stop sign,Functioning,0,0,0,False,False,False,Clear,,False,Road 1: STRASBURG RD (50 km/h); Road 2: TRILLIUM DR (50 km/h); Vehicle #1     Make: DODG     Model: 2S     Colour: GRN     Style: 2D; Vehicle #2     Make: KW     Model: CON     Colour: PLE     Style: CT,12/22/2022 9:29:55 AM,,
52240,22149350,1656346620000,2022,6,27,16,17,0,Monday,541691.68336,4810775.01049,-80.484737,43.448726,Non intersection,1,Non-fatal injury,Thru lane,unknown,unknown,Angle,Unknown,Daylight,01 - Daylight,Municipal (excl. Twp. Rd.),No control,unknown,1,0,0,False,True,False,Clear,,False,Road 1: 7 MARKET LANE (40 km/h); Road 2: MOYER PL; Distance: 1.0 M W; Charged Driver #1 on page 1: HTA 153 (NA) (NA); Vehicle #1     Make: BICY     Model: .     Colour:      Style: ; Vehicle #2     Make: TOYT     Model: C4E     Colour: BLK     Style: 4D,12/22/2022 9:37:05 AM,,
52241,22149894,1656403200000,2022,6,28,8,0,0,Tuesday,545158.22485,4807241.00735,-80.442188,43.416705,At intersection,2,P.D. only,Within intersection,unknown,unknown,Angle,Stop sign,Daylight,01 - Daylight,Municipal (excl. Twp. Rd.),Stop sign,Functioning,0,0,0,False,False,False,Clear,,True,Road 1: WEBSTER RD; Road 2: WILSON AVE; Vehicle #1     Make: RAM     Model: RTR     Colour: SIL     Style: PK; Vehicle #2     Make: SUBA     Model: L6L     Colour: GRY     Style: 4D,12/22/2022 9:35:44 AM,,
52242,22150279,1656009600000,2022,6,23,18,40,0,Thursday,541141.23368,4806765.29802,-80.49184199999999,43.412653,Intersection related,2,P.D. only,Within intersection,unknown,unknown,Angle,Unknown,Daylight,01 - Daylight,Regional municipality,unknown,Functioning,0,0,0,False,False,False,Clear,,True,Road 1: LAURENTIAN DR; Road 2: BLOCK LINE RD; Vehicle #1     Make: VOLK     Model: DTC     Colour: BLK     Style: 4D; Vehicle #2     Make: TOYT     Model: UCS     Colour: GRN     Style: 4D,1/3/2023 10:15:35 AM,,
52243,22150867,1652798400000,2022,5,17,14,40,0,Tuesday,542670.51644,4806929.28597,-80.47294,43.414044,Intersection related,2,P.D. only,Thru lane,unknown,unknown,Sideswipe,Unknown,Daylight,01 - Daylight,Municipal (excl. Twp. Rd.),unknown,unknown,0,0,0,False,False,False,Clear,,True,Road 1: OLD COUNTRY DR; Road 2: COUNTRY HILL DR; Vehicle #1     Make: DODG     Model: CAR     Colour: BLK     Style: VN; Vehicle #2     Make: HYUN     Model: SFT     Colour: GRY     Style: TY,12/22/2022 9:28:16 AM,,
52244,22151071,1655128200000,2022,6,13,13,50,0,Monday,545443.34102,4811750.19064,-80.43829099999999,43.457288,At/near private drive,2,P.D. only,Thru lane,unknown,unknown,SMV unattended vehicle,Unknown,Daylight,01 - Daylight,Municipal (excl. Twp. Rd.),No control,unknown,0,0,0,False,False,False,Clear,,True,Road 1: INDIAN RD (IFO 175); Vehicle #1     Make: CHEV     Model: ETV     Colour: YEL     Style: BU; Vehicle #2     Make: HYUN     Model: SGL     Colour: WHI     Style: 4D,12/22/2022 9:30:37 AM,,
52245,22151151,1655726400000,2022,6,20,12,0,0,Monday,539899.0376,4807652.21438,-80.507119,43.420705999999996,At/near private drive,2,P.D. only,Thru lane,unknown,unknown,Rear end,Unknown,Daylight,01 - Daylight,Municipal (excl. Twp. Rd.),No control,unknown,0,0,0,False,False,False,Clear,,True,Road 1: WINDALE CRESCENT (IFO 153); Vehicle #1     Make: HOND     Model: UDY     Colour: SIL     Style: TY; Vehicle #2     Make: TOYT     Model: SIE     Colour: SIL     Style: VN,12/22/2022 9:31:14 AM,,
52246,22151523,1656533700000,2022,6,29,20,15,0,Wednesday,545121.40448,4807670.3548,-80.442607,43.420573,Non intersection,2,P.D. only,Thru lane,unknown,unknown,Angle,Unknown,Daylight,01 - Daylight,Regional municipality,No control,unknown,0,0,0,False,False,False,Clear,,True,Road 1: WILSON AVE; Road 2: FAIRWAY RD S; Vehicle #1     Make: DODG     Model: CAR     Colour: BLK     Style: VN; Vehicle #2     Make: HOND     Model: UCL     Colour: WHI     Style: 4D,12/22/2022 9:28:46 AM,,
52247,22151773,1656570540000,2022,6,30,6,29,0,Thursday,539639.60376,4808623.65896,-80.510254,43.429466999999995,At/near private drive,2,P.D. only,Right shoulder,unknown,unknown,SMV other,Unknown,Daylight,01 - Daylight,Municipal (excl. Twp. Rd.),No control,unknown,0,0,0,False,False,False,Clear,,False,Road 1: 34 GRAYSTONE AVE (50 km/h); Road 2: GRAYSTONE AVE; Distance: 5.0 M W; Vehicle #1     Make: MITS     Model: LES     Colour: BLU     Style: 4D,12/22/2022 9:31:13 AM,,
52248,22151923,1656533700000,2022,6,29,20,15,0,Wednesday,545745.86042,4803488.84963,-80.435244,43.382884999999995,Non intersection,2,Non-reportable,Thru lane,unknown,unknown,SMV unattended vehicle,Unknown,Daylight,01 - Daylight,Municipal (excl. Twp. Rd.),No control,unknown,0,0,0,False,False,False,Clear,,True,Road 1: 223 PINE VALLEY DR (STREET PARKING); Vehicle #1     Make: MAZD     Model: MA5     Colour: BLK     Style: SW; Vehicle #2     Make: TOYT     Model: CBL     Colour: GRY     Style: 4D,12/22/2022 9:28:58 AM,,
52249,22152020,1654880400000,2022,6,10,17,0,0,Friday,547856.68232,4811424.70402,-80.40849,43.454207,At/near private drive,2,Non-reportable,Not on roadway - right side,unknown,unknown,SMV unattended vehicle,Unknown,Daylight,01 - Daylight,Regional municipality,No control,unknown,0,0,0,False,False,False,Clear,,True,Road 1: 1301 OLD ZELLER DR; Vehicle #1     Make:      Model:      Colour:      Style: ; Vehicle #2     Make: HOND     Model: UCL     Colour: GRY     Style: 4D,12/22/2022 9:35:38 AM,,
52250,22153922,1656754380000,2022,7,2,9,33,0,Saturday,542060.37082,4807188.22599,-80.480457,43.41641,Other,2,P.D. only,Off highway,unknown,unknown,SMV other,Unknown,Daylight,01 - Daylight,Regional municipality,No control,unknown,0,0,0,False,False,False,Clear,,False,Road 1: 599 STRASBURG RD ((IFO)); Vehicle #1     Make: GMC     Model: SIE     Colour: WHI     Style: PK,1/3/2023 10:23:46 AM,,
52251,22153934,1652199900000,2022,5,10,16,25,0,Tuesday,541668.62281,4804020.07939,-80.485537,43.387906,Intersection related,2,Non-reportable,Thru lane,unknown,unknown,Turning movement,Unknown,Daylight,01 - Daylight,unknown,unknown,unknown,0,0,0,False,False,False,Clear,,True,Road 1: WOODBINE AVE; Road 2: SEABROOK DR; Vehicle #1     Make:      Model:      Colour:      Style: ; Vehicle #2     Make: TOYT     Model: SIE     Colour: GRY     Style: VN,12/22/2022 9:27:50 AM,,
52252,22154077,1656767700000,2022,7,2,13,15,0,Saturday,540262.40645,4809318.4953,-80.50250799999999,43.43569,At/near private drive,1,Non-fatal injury,Left shoulder,unknown,unknown,SMV unattended vehicle,Unknown,Daylight,01 - Daylight,Municipal (excl. Twp. Rd.),No control,unknown,0,0,0,False,False,False,Clear,,False,Road 1: 44 BELMONT AVE E ((IFO)) (50 km/h); Road 2: QUEENS BLVD; Distance: 500.0 M E; Charged Driver #1 on page 1: HTA 130 (NA) (NA); Vehicle #1     Make: SUBA     Model: VDC     Colour: SIL     Style: 4W; Vehicle #2     Make: MERZ     Model: B20     Colo,1/3/2023 10:22:43 AM,,
52253,22154116,1652598000000,2022,5,15,7,0,0,Sunday,539491.53445,4811906.12681,-80.511845,43.45903,Non intersection,2,Non-reportable,Right shoulder,unknown,unknown,SMV unattended vehicle,Unknown,Daylight,01 - Daylight,Municipal (excl. Twp. Rd.),No control,unknown,0,0,0,False,False,False,Clear,,True,Road 1: 36 HERBERT ST; Vehicle #1     Make: FORD     Model: SPE     Colour: GRY     Style: TY; Vehicle #2     Make:      Model:      Colour:      Style:,12/22/2022 9:34:49 AM,,
52254,22154868,1655299200000,2022,6,15,13,20,0,Wednesday,541185.84643,4810971.56743,-80.490973,43.450524,Non intersection,2,P.D. only,Thru lane,unknown,unknown,SMV unattended vehicle,Unknown,Daylight,01 - Daylight,Regional municipality,No control,unknown,0,0,0,False,False,False,Clear,,True,Road 1: KING ST W; Road 2: ONTARIO ST S; Distance: 50.0 M W; Vehicle #1     Make: FORD     Model: VAN     Colour: WHI     Style: FV; Vehicle #2     Make:      Model:      Colour:      Style:,12/22/2022 9:35:41 AM,,
52255,22155081,1655207100000,2022,6,14,11,45,0,Tuesday,539528.43609,4811804.14952,-80.511397,43.45811,At/near private drive,2,P.D. only,Thru lane,unknown,unknown,SMV unattended vehicle,Unknown,Daylight,01 - Daylight,Municipal (excl. Twp. Rd.),No control,unknown,0,0,0,False,False,False,Clear,,True,Road 1: 6 MARY ST (IFO); Vehicle #1     Make: KIA     Model: FOR     Colour: GRY     Style: 4B; Vehicle #2     Make: BMW     Model: 28X     Colour: GRY     Style: 4D,12/22/2022 9:29:08 AM,,